{"losses": [0.6671251476301803, 0.7097608704470978, 0.653246476510088, 0.6415618070335641, 0.7136961320127136, 0.5819497595576114, 0.614040070638565, 0.57842608796874, 0.592007177241985, 0.5632569844146879, 0.5573866234552064, 0.597839883853292], "aucs": [0.6753489937211682, 0.5783405837195695, 0.6891714637521147, 0.7075601285398472, 0.7453268700681119, 0.7853695939141958, 0.804292306777974, 0.7957107066594458, 0.8515522132442248, 0.8043726651091658, 0.8102178966374225, 0.8026633764394395]}