{"losses": [0.6718752912952064, 0.712506192341815, 0.6520409752416262, 0.6388295171927227, 0.7212182094308072, 0.5787214978043355, 0.6110252993486393, 0.5815231891013238, 0.5975818975887381, 0.5706044320027325, 0.5595522381958347, 0.5887967461391206], "aucs": [0.6689630175892668, 0.5728586388135762, 0.6907644002548029, 0.7109803800112, 0.742186198624031, 0.7871458478599154, 0.8087270821806237, 0.7941320002779059, 0.8497583809135569, 0.7979188866353214, 0.8094159874574037, 0.8085856180350881]}